use Decanate;

create table Specialty (
id int primary key IDENTITY(1,1) NOT NULL,
cipher nvarchar(10) NOT NULL, 
name nvarchar(20) NOT NULL,
formOfTraining nvarchar(10) NOT NULL,
levelOfTraining nvarchar(1) NOT NULL,
durationOfTraining int NOT NULL,
description nvarchar(150)
)

INSERT Specialty
	VALUES (N'090301', N'ИВТ', N'Очная', N'Б', 8, N'Информатика и вычисительная техника'),
		   (N'090302', N'ПМ', N'Очная', N'Б', 8, N'Прикладная математика'),		
		   (N'090301', N'Системный анализ', N'Очная', N'Б', 4, N'Зачем они вообще?'),					
		   (N'090303', N'ПИ', N'Очная', N'Б', 8, N'Программная инженерия');		

create table Groups (
id int primary key IDENTITY(1,1) NOT NULL,
name nvarchar(20) NOT NULL,
id_Specialty int foreign key references Specialty(id) NOT NULL,
monitor int,
curator int 
)

INSERT Groups
	VALUES (N'КИ18-09Б', 1, 180611, 101),	
		   (N'КИ18-16Б', 4, 180621, 102),		
		   (N'КИ18-03Б', 3, 180631, 103),		
		   (N'КИ18-17Б', 4, 180641, 104);		

create table Students (
num_zach int primary key NOT NULL,
lastName nvarchar(20) NOT NULL,
firstName nvarchar(20) NOT NULL,
middleName nvarchar(20),
group_id int FOREIGN KEY REFERENCES Groups(id) NOT NULL,
yearOfAdmission int NOT NULL
)

INSERT students
	VALUES (180611, N'Блажевич', N'Игорь', N'Юрьевич', 1, 2018),
		   (180612, N'Валиева', N'Анна', N'Александровна', 1, 2018),
		   (180613, N'Волошина', N'Виктория', N'Сергеевна', 1, 2018),
		   (180614, N'Дробышев', N'Александр', N'Сергеевич', 1, 2018),
		   (180615, N'Калашников', N'Максим', N'Эдуардович', 1, 2018),
		   (180616, N'Котов', N'Сергей', N'Александрович', 1, 2018),
		   (180617, N'Кузнецов', N'Иван', N'Анатольевич', 1, 2018),
		   (180621, N'Лутовинова', N'Надежда', N'Александровна', 2, 2018),
		   (180622, N'Мареев', N'Никита', N'Геннадьевич', 2, 2017),
		   (180623, N'Молдованов', N'Илья', N'Владимирович', 2, 2018),
		   (180624, N'Носиков', N'Павел', N'Николаевич', 2, 2018),
		   (180625, N'Носков', N'Николай', N'Викторович', 2, 2018),
		   (180626, N'Патрашкин', N'Никита', N'Алексеевич', 2, 2018),
		   (180627, N'Писчасов', N'Иван', N'Александрович', 2, 2018),
		   (180631, N'Пропажин', N'Артем', N'Алексеевич', 3, 2018),
		   (180632, N'Сафонов', N'Георгий', N'Владимирович', 3, 2018),
		   (180633, N'Синько', N'Анастасия', N'Константиновна', 3, 2018),
		   (180634, N'Фельдшеров', N'Сергей', N'Дмитриевич', 3, 2018),
		   (180635, N'Хазова', N'Ксения', N'Валентиновна', 3, 2018),
		   (180636, N'Хомякова', N'Юлия', N'Дмитриевна', 3, 2018),
		   (180637, N'Чебодаев', N'Максим', N'Иннокентьевич', 3, 2018),
		   (180641, N'Чеботарев', N'Андрей', N'Андреевич', 4, 2018),
		   (180642, N'Шергин', N'Иван', N'Андреевич', 4, 2018),
		   (180643, N'Щекалев', N'Михаил', N'Игоревич', 4, 2018),
		   (180644, N'Юдаков', N'Даниил', N'Андреевич', 4, 2018),
		   (180645, N'Блок', N'Александр', N'Александрович', 4, 2018),
		   (180646, N'Есенин', N'Сергей', N'Александрович', 4, 2018),
		   (180647, N'Пушкин', N'Александр', N'Сергеевич', 4, 2018);

create table Teachers (
tab_number int primary key NOT NULL,
lastName nvarchar(20) NOT NULL,
firstName nvarchar(20) NOT NULL,
middleName nvarchar(20),
degree nvarchar(20),
academicStatus nvarchar(20),
department nvarchar(10) NOT NULL, 
)

INSERT teachers 
	VALUES (100, N'Маяковский', N'Владимир', N'Владимирович', N'Доктор', N'Профессор', N'ИВТ'),
		   (101, N'Мандельштам', N'Осип', N'Эмильевич', N'Кандидат', N'Доцент', N'ПИ'),
		   (102, N'Бунин', N'Иван', N'Алексеевич', N'Нет', N'Доцент', N'ИВТ'),
		   (103, N'Бальмонт', N'Константин', N'Дмитриевич', N'Кандидат', N'Доцент', N'ПМ'),
		   (104, N'Ахматова', N'Анна', N'Андреевна', N'Кандидат', N'Доцент', N'ИВТ');

create table Disciplines (
id int primary key IDENTITY(1,1) NOT NULL,
nameOfDisciplines nvarchar(50) NOT NULL,
spec int foreign key references Specialty(id) NOT NULL,
semestr int NOT NULL,
hoursOfDisciplines int NOT NULL,
accountability nvarchar(10) NOT NULL
)

INSERT disciplines
	VALUES (N'История', 1, 1, 182, N'Экзамен'),					
		   (N'История', 4, 1, 182, N'Экзамен'),					
		   (N'Основы программирование', 1, 1, 172, N'Зачет'),			
		   (N'Основы программирование', 4, 1, 172, N'Зачет'),			
		   (N'Алгебра и геометрия', 1, 1, 162, N'Экзамен'),		
		   (N'Алгебра и геометрия', 4, 1, 162, N'Экзамен'),		
		   (N'Дискретная математика', 1, 2, 152, N'Зачет'),		
		   (N'Дискретная математика', 4, 2, 152, N'Зачет'),		
		   (N'Математический анализ', 1, 1, 182, N'Зачет'),		
		   (N'Математический анализ', 4, 1, 182, N'Зачет'),		
		   (N'Математический анализ', 1, 2, 162, N'Экзамен'),	
		   (N'Математический анализ', 4, 2, 162, N'Экзамен'),	
		   (N'Программирование', 1, 2, 182, N'Зачет'),			
		   (N'Программирование', 4, 2, 182, N'Зачет'),			
		   (N'Физика', 1, 2, 82, N'Экзамен'),					
		   (N'Физика', 4, 2, 82, N'Экзамен'),					
		   (N'Алгебра и геометрия', 3, 1, 172, N'Экзамен'),		
		   (N'История', 3, 1, 162, N'Зачет'),					
		   (N'Математический анализ', 3, 1, 142, N'Зачет'),		
		   (N'Программирование', 3, 1, 122, N'Зачет'),			
		   (N'Математический анализ', 3, 2, 112, N'Экзамен'),	
		   (N'Программирование', 3, 2, 82, N'Экзамен'),			
		   (N'Физика', 3, 2, 72, N'Зачет'),						
		   (N'Электротехника', 3, 2, 172, N'Зачет'),			
		   (N'История', 1, 1, 182, N'Зачет'),
		   (N'История', 4, 1, 182, N'Зачет'),
		   (N'Физика', 1, 2, 82, N'Зачет'),	
		   (N'Физика', 4, 2, 82, N'Зачет'),  
		   (N'История', 3, 1, 162, N'Зачет'),
		   (N'Физика', 3, 2, 72, N'Зачет'); 

create table Studing (
num_zach int FOREIGN KEY REFERENCES students(num_zach) NOT NULL,
id_disc int FOREIGN KEY REFERENCES disciplines(id) NOT NULL,
dateOfDelivery date NOT NULL,
score nvarchar(6) NOT NULL
)

INSERT studing
	VALUES (180611, 5, '2018-12-29', N'Отл'), --1 семестр бакалавриат
		   (180612, 5, '2018-12-29', N'Отл'),
		   (180613, 5, '2018-12-29', N'Хор'),
		   (180614, 5, '2018-12-29', N'Хор'),
		   (180615, 5, '2018-12-29', N'Хор'),
		   (180616, 5, '2018-12-29', N'Хор'),
		   (180617, 5, '2018-12-29', N'Хор'),
		   (180621, 5, '2018-12-27', N'Хор'),
		   (180622, 5, '2018-12-27', N'Хор'),
		   (180623, 5, '2018-12-27', N'Хор'),
		   (180624, 5, '2018-12-27', N'Хор'),
		   (180625, 5, '2018-12-27', N'Хор'),
		   (180626, 5, '2018-12-27', N'Хор'),
		   (180627, 5, '2018-12-27', N'Хор'),
		   (180641, 6, '2018-12-29', N'Хор'),
		   (180642, 6, '2018-12-29', N'Хор'),
		   (180643, 6, '2018-12-29', N'Уд'),
		   (180644, 6, '2018-12-29', N'Уд'),
		   (180645, 6, '2018-12-29', N'Уд'),
		   (180646, 6, '2018-12-29', N'Уд'),
		   (180647, 6, '2018-12-29', N'Уд'),

		   (180611, 1, '2018-12-29', N'Отл'),
		   (180612, 1, '2018-12-29', N'Отл'),
		   (180613, 1, '2018-12-29', N'Хор'),
		   (180614, 1, '2018-12-29', N'Хор'),
		   (180615, 1, '2018-12-29', N'Хор'),
		   (180616, 1, '2018-12-29', N'Хор'),
		   (180617, 1, '2018-12-29', N'Хор'),
		   (180621, 1, '2018-12-27', N'Хор'),
		   (180622, 1, '2018-12-27', N'Хор'),
		   (180623, 1, '2018-12-27', N'Хор'),
		   (180624, 1, '2018-12-27', N'Хор'),
		   (180625, 1, '2018-12-27', N'Хор'),
		   (180626, 1, '2018-12-27', N'Хор'),
		   (180627, 1, '2018-12-27', N'Хор'),
		   (180641, 2, '2018-12-29', N'Хор'),
		   (180642, 2, '2018-12-29', N'Хор'),
		   (180643, 2, '2018-12-29', N'Уд'),
		   (180644, 2, '2018-12-29', N'Уд'),
		   (180645, 2, '2018-12-29', N'Уд'),
		   (180646, 2, '2018-12-29', N'Неуд'),
		   (180647, 2, '2018-12-29', N'Неуд'),
						   
		   (180611, 3, '2018-12-29', N'Зач'),
		   (180612, 3, '2018-12-29', N'Зач'),
		   (180613, 3, '2018-12-29', N'Зач'),
		   (180614, 3, '2018-12-29', N'Зач'),
		   (180615, 3, '2018-12-29', N'Зач'),
		   (180616, 3, '2018-12-29', N'Зач'),
		   (180617, 3, '2018-12-29', N'Зач'),
		   (180621, 3, '2018-12-27', N'Зач'),
		   (180622, 3, '2018-12-27', N'Зач'),
		   (180623, 3, '2018-12-27', N'Зач'),
		   (180624, 3, '2018-12-27', N'Зач'),
		   (180625, 3, '2018-12-27', N'Зач'),
		   (180626, 3, '2018-12-27', N'Зач'),
		   (180627, 3, '2018-12-27', N'Зач'),
		   (180641, 4, '2018-12-29', N'Зач'),
		   (180642, 4, '2018-12-29', N'Зач'),
		   (180643, 4, '2018-12-29', N'Зач'),
		   (180644, 4, '2018-12-29', N'Зач'),
		   (180645, 4, '2018-12-29', N'Зач'),
		   (180646, 4, '2018-12-29', N'Незач'),
		   (180647, 4, '2018-12-29', N'Незач'),
						   
   		   (180611, 9, '2018-12-29', N'Зач'),
		   (180612, 9, '2018-12-29', N'Зач'),
		   (180613, 9, '2018-12-29', N'Зач'),
		   (180614, 9, '2018-12-29', N'Зач'),
		   (180615, 9, '2018-12-29', N'Зач'),
		   (180616, 9, '2018-12-29', N'Зач'),
		   (180617, 9, '2018-12-29', N'Зач'),
		   (180621, 9, '2018-12-27', N'Зач'),
		   (180622, 9, '2018-12-27', N'Зач'),
		   (180623, 9, '2018-12-27', N'Зач'),
		   (180624, 9, '2018-12-27', N'Зач'),
		   (180625, 9, '2018-12-27', N'Зач'),
		   (180626, 9, '2018-12-27', N'Зач'),
		   (180627, 9, '2018-12-27', N'Зач'),
		   (180641, 10, '2018-12-29', N'Незач'),
		   (180642, 10, '2018-12-29', N'Незач'),
		   (180643, 10, '2018-12-29', N'Зач'),
		   (180644, 10, '2018-12-29', N'Зач'),
		   (180645, 10, '2018-12-29', N'Зач'),
		   (180646, 10, '2018-12-29', N'Зач'),
		   (180647, 10, '2018-12-29', N'Зач'),
		   --//////////////////////////////////////////// 2 семестр бакалавриат
		   (180611, 15, '2019-05-29', N'Отл'),
		   (180612, 15, '2019-05-29', N'Хор'),
		   (180613, 15, '2019-05-29', N'Отл'),
		   (180614, 15, '2019-05-29', N'Хор'),
		   (180615, 15, '2019-05-29', N'Хор'),
		   (180616, 15, '2019-05-29', N'Хор'),
		   (180617, 15, '2019-05-29', N'Хор'),
		   (180621, 15, '2019-05-27', N'Хор'),
		   (180622, 15, '2019-05-27', N'Хор'),
		   (180623, 15, '2019-05-27', N'Хор'),
		   (180624, 15, '2019-05-27', N'Хор'),
		   (180625, 15, '2019-05-27', N'Хор'),
		   (180626, 15, '2019-05-27', N'Неуд'),
		   (180627, 15, '2019-05-27', N'Неуд'),
		   (180641, 16, '2019-05-29', N'Уд'),
		   (180642, 16, '2019-05-29', N'Уд'),
		   (180643, 16, '2019-05-29', N'Уд'),
		   (180644, 16, '2019-05-29', N'Хор'),
		   (180645, 16, '2019-05-29', N'Хор'),
		   (180646, 16, '2019-05-29', N'Хор'),
		   (180647, 16, '2019-05-29', N'Хор'),
							
   		   (180611, 11, '2019-05-29', N'Отл'),
		   (180612, 11, '2019-05-29', N'Хор'),
		   (180613, 11, '2019-05-29', N'Отл'),
		   (180614, 11, '2019-05-29', N'Хор'),
		   (180615, 11, '2019-05-29', N'Хор'),
		   (180616, 11, '2019-05-29', N'Хор'),
		   (180617, 11, '2019-05-29', N'Хор'),
		   (180621, 11, '2019-05-27', N'Хор'),
		   (180622, 11, '2019-05-27', N'Хор'),
		   (180623, 11, '2019-05-27', N'Хор'),
		   (180624, 11, '2019-05-27', N'Хор'),
		   (180625, 11, '2019-05-27', N'Хор'),
		   (180626, 11, '2019-05-27', N'Хор'),
		   (180627, 11, '2019-05-27', N'Хор'),
		   (180641, 12, '2019-05-29', N'Хор'),
		   (180642, 12, '2019-05-29', N'Хор'),
		   (180643, 12, '2019-05-29', N'Хор'),
		   (180644, 12, '2019-05-29', N'Хор'),
		   (180645, 12, '2019-05-29', N'Уд'),
		   (180646, 12, '2019-05-29', N'Уд'),
		   (180647, 12, '2019-05-29', N'Уд'),
							
		   (180611, 13, '2019-05-29', N'Зач'),
		   (180612, 13, '2019-05-29', N'Зач'),
		   (180613, 13, '2019-05-29', N'Зач'),
		   (180614, 13, '2019-05-29', N'Зач'),
		   (180615, 13, '2019-05-29', N'Зач'),
		   (180616, 13, '2019-05-29', N'Зач'),
		   (180617, 13, '2019-05-29', N'Зач'),
		   (180621, 13, '2019-05-27', N'Зач'),
		   (180622, 13, '2019-05-27', N'Зач'),
		   (180623, 13, '2019-05-27', N'Зач'),
		   (180624, 13, '2019-05-27', N'Зач'),
		   (180625, 13, '2019-05-27', N'Зач'),
		   (180626, 13, '2019-05-27', N'Зач'),
		   (180627, 13, '2019-05-27', N'Зач'),
		   (180641, 14, '2019-05-29', N'Зач'),
		   (180642, 14, '2019-05-29', N'Зач'),
		   (180643, 14, '2019-05-29', N'Зач'),
		   (180644, 14, '2019-05-29', N'Зач'),
		   (180645, 14, '2019-05-29', N'Зач'),
		   (180646, 14, '2019-05-29', N'Зач'),
		   (180647, 14, '2019-05-29', N'Незач'),

   		   (180611, 7, '2019-05-29', N'Зач'),
		   (180612, 7, '2019-05-29', N'Зач'),
		   (180613, 7, '2019-05-29', N'Зач'),
		   (180614, 7, '2019-05-29', N'Зач'),
		   (180615, 7, '2019-05-29', N'Зач'),
		   (180616, 7, '2019-05-29', N'Зач'),
		   (180617, 7, '2019-05-29', N'Зач'),
		   (180621, 7, '2019-05-27', N'Зач'),
		   (180622, 7, '2019-05-27', N'Зач'),
		   (180623, 7, '2019-05-27', N'Зач'),
		   (180624, 7, '2019-05-27', N'Зач'),
		   (180625, 7, '2019-05-27', N'Зач'),
		   (180626, 7, '2019-05-27', N'Зач'),
		   (180627, 7, '2019-05-27', N'Зач'),
		   (180641, 8, '2019-05-29', N'Зач'),
		   (180642, 8, '2019-05-29', N'Зач'),
		   (180643, 8, '2019-05-29', N'Зач'),
		   (180644, 8, '2019-05-29', N'Зач'),
		   (180645, 8, '2019-05-29', N'Зач'),
		   (180646, 8, '2019-05-29', N'Зач'),
		   (180647, 8, '2019-05-29', N'Зач'),
		   --////////////////////////////////////////////// 1 семестр маги
		   (180631, 18, '2018-12-29', N'Хор'),
		   (180632, 18, '2018-12-29', N'Хор'),
		   (180633, 18, '2018-12-29', N'Хор'),
		   (180634, 18, '2018-12-29', N'Хор'),
		   (180635, 18, '2018-12-29', N'Хор'),
		   (180636, 18, '2018-12-29', N'Уд'),
		   (180637, 18, '2018-12-29', N'Уд'),
							
		   (180631, 17, '2018-12-29', N'Хор'),
		   (180632, 17, '2018-12-29', N'Хор'),
		   (180633, 17, '2018-12-29', N'Уд'),
		   (180634, 17, '2018-12-29', N'Уд'),
		   (180635, 17, '2018-12-29', N'Отл'),
		   (180636, 17, '2018-12-29', N'Хор'),
		   (180637, 17, '2018-12-29', N'Хор'),
							
		   (180631, 19, '2018-12-29', N'Зач'),
		   (180632, 19, '2018-12-29', N'Зач'),
		   (180633, 19, '2018-12-29', N'Зач'),
		   (180634, 19, '2018-12-29', N'Зач'),
		   (180635, 19, '2018-12-29', N'Зач'),
		   (180636, 19, '2018-12-29', N'Зач'),
		   (180637, 19, '2018-12-29', N'Зач'),
							
		   (180631, 20, '2018-12-29', N'Зач'),
		   (180632, 20, '2018-12-29', N'Зач'),
		   (180633, 20, '2018-12-29', N'Зач'),
		   (180634, 20, '2018-12-29', N'Зач'),
		   (180635, 20, '2018-12-29', N'Зач'),
		   (180636, 20, '2018-12-29', N'Зач'),
		   (180637, 20, '2018-12-29', N'Зач'),
		   --////////////////////////////////////////////// 2 семестр маги
		   (180631, 23, '2018-12-29', N'Хор'),
		   (180632, 23, '2018-12-29', N'Хор'),
		   (180633, 23, '2018-12-29', N'Хор'),
		   (180634, 23, '2018-12-29', N'Хор'),
		   (180635, 23, '2018-12-29', N'Хор'),
		   (180636, 23, '2018-12-29', N'Хор'),
		   (180637, 23, '2018-12-29', N'Хор'),
							
		   (180631, 22, '2018-12-29', N'Хор'),
		   (180632, 22, '2018-12-29', N'Хор'),
		   (180633, 22, '2018-12-29', N'Хор'),
		   (180634, 22, '2018-12-29', N'Хор'),
		   (180635, 22, '2018-12-29', N'Хор'),
		   (180636, 22, '2018-12-29', N'Хор'),
		   (180637, 22, '2018-12-29', N'Хор'),
							
		   (180631, 21, '2018-12-29', N'Зач'),
		   (180632, 21, '2018-12-29', N'Зач'),
		   (180633, 21, '2018-12-29', N'Зач'),
		   (180634, 21, '2018-12-29', N'Зач'),
		   (180635, 21, '2018-12-29', N'Зач'),
		   (180636, 21, '2018-12-29', N'Зач'),
		   (180637, 21, '2018-12-29', N'Зач'),
			 			
		   (180631, 24, '2018-12-29', N'Зач'),
		   (180632, 24, '2018-12-29', N'Зач'),
		   (180633, 24, '2018-12-29', N'Зач'),
		   (180634, 24, '2018-12-29', N'Зач'),
		   (180635, 24, '2018-12-29', N'Зач'),
		   (180636, 24, '2018-12-29', N'Зач'),
		   (180637, 24, '2018-12-29', N'Зач'),
			 		
		   (180631, 29, '2018-12-29', N'Зач'),
		   (180632, 29, '2018-12-29', N'Зач'),
		   (180633, 29, '2018-12-29', N'Зач'),
		   (180634, 29, '2018-12-29', N'Зач'),
		   (180635, 29, '2018-12-29', N'Зач'),
		   (180636, 29, '2018-12-29', N'Зач'),
		   (180637, 29, '2018-12-29', N'Зач'),		   
			 				
		   (180631, 30, '2018-12-29', N'Зач'),
		   (180632, 30, '2018-12-29', N'Зач'),
		   (180633, 30, '2018-12-29', N'Зач'),
		   (180634, 30, '2018-12-29', N'Зач'),
		   (180635, 30, '2018-12-29', N'Зач'),
		   (180636, 30, '2018-12-29', N'Зач'),
		   (180637, 30, '2018-12-29', N'Зач'),
			 
		   (180611, 25, '2018-05-29', N'Зач'),
		   (180612, 25, '2018-05-29', N'Зач'),
		   (180613, 25, '2018-05-29', N'Зач'),
		   (180614, 25, '2018-05-29', N'Зач'),
		   (180615, 25, '2018-05-29', N'Зач'),
		   (180616, 25, '2018-05-29', N'Зач'),
		   (180617, 25, '2018-05-29', N'Зач'),
		   (180621, 25, '2018-05-27', N'Зач'),
		   (180622, 25, '2018-05-27', N'Зач'),
		   (180623, 25, '2018-05-27', N'Зач'),
		   (180624, 25, '2018-05-27', N'Зач'),
		   (180625, 25, '2018-05-27', N'Зач'),
		   (180626, 25, '2018-05-27', N'Зач'),
		   (180627, 25, '2018-05-27', N'Зач'),
		   (180641, 26, '2018-05-29', N'Зач'),
		   (180642, 26, '2018-05-29', N'Зач'),
		   (180643, 26, '2018-05-29', N'Зач'),
		   (180644, 26, '2018-05-29', N'Зач'),
		   (180645, 26, '2018-05-29', N'Зач'),
		   (180646, 26, '2018-05-29', N'Зач'),
		   (180647, 26, '2018-05-29', N'Незач'),
			 
		   (180611, 27, '2019-05-29', N'Зач'),
		   (180612, 27, '2019-05-29', N'Зач'),
		   (180613, 27, '2019-05-29', N'Зач'),
		   (180614, 27, '2019-05-29', N'Зач'),
		   (180615, 27, '2019-05-29', N'Зач'),
		   (180616, 27, '2019-05-29', N'Зач'),
		   (180617, 27, '2019-05-29', N'Зач'),
		   (180621, 27, '2019-05-27', N'Зач'),
		   (180622, 27, '2019-05-27', N'Зач'),
		   (180623, 27, '2019-05-27', N'Зач'),
		   (180624, 27, '2019-05-27', N'Зач'),
		   (180625, 27, '2019-05-27', N'Зач'),
		   (180626, 27, '2019-05-27', N'Зач'),
		   (180627, 27, '2019-05-27', N'Зач'),
		   (180641, 28, '2019-05-29', N'Зач'),
		   (180642, 28, '2019-05-29', N'Зач'),
		   (180643, 28, '2019-05-29', N'Зач'),
		   (180644, 28, '2019-05-29', N'Зач'),
		   (180645, 28, '2019-05-29', N'Зач'),
		   (180646, 28, '2019-05-29', N'Зач'),
		   (180647, 28, '2019-05-29', N'Незач');

create table Teaching (
id_disc int FOREIGN KEY REFERENCES disciplines(id) NOT NULL,
tab_num int FOREIGN KEY REFERENCES teachers(tab_number) NOT NULL
)

INSERT teaching
	VALUES (1, 100),
		   (2, 100),
		   (3, 101),
		   (4, 101),
		   (5, 102),
		   (6, 102),
		   (7, 103),
		   (8, 103),
		   (9, 104),
		   (10, 104),
		   (11, 100),
		   (12, 100),
		   (13, 101),
		   (14, 101),
		   (15, 102),
		   (16, 102),
		   (17, 103),
		   (18, 104),
		   (19, 100),
		   (20, 101),
		   (21, 102),
		   (22, 103),
		   (23, 104),
		   (24, 100);
GO